,MAE,RMSE,MAPE
Random Forest,506.366608947689,760.1867176617982,7.803158797952725
Gradient Boosting,541.2456558655867,796.0720461098555,8.334817047665288
ARIMA (Store 1),676.3365086959026,808.1553840651875,16.999963931976694
Linear Regression,804.9255800222923,1132.2006456719064,12.916229265500176
